JobID,related_jobs
98b9d5dc-96ee-4685-b7e2-ebdabb9a8ed5,"['5897b28e-5427-4ecb-ae36-49f4a0ba6ba7', 'dc9fa09d-36b7-47ad-b959-b4799a085491', '89f4baa5-bace-41a2-a681-bd617dae8137']"
9ddcc728-5939-40bd-a9ab-69a03b97864a,"['ece13f82-77de-4cf9-8755-fc38ccb4ad61', '264c9a67-c2ae-4fe2-8f05-8937ab78cc57', '000abd71-5379-444c-988c-f9f5abb1e742']"
000abd71-5379-444c-988c-f9f5abb1e742,"['eb6883b7-5769-466c-9f16-9111044e774f', 'aba64055-5a03-4826-82da-fa76903b5151', 'a3fd8e4c-e80b-4276-b402-45f3d9d58466']"
4e97eda5-70ee-48f3-9980-9321beb8072c,"['36eba1d7-24fc-4993-aab7-30a17b72a534', '486e4ed1-a4e2-441c-b3f5-5ebe8ad11acc', '84112c77-6bd1-404e-9477-5ef8feffd983']"
34030378-9363-4735-9cfc-9c69021cd8d0,"['d623ef3a-7b53-4cc3-b52f-4d4ed96fa3ec', 'eab62f75-1751-47d0-95ac-c0f1bf80b311', '6262405d-2a82-42d9-9573-cc07d7e73fbb']"
05c1a92f-7427-47aa-bf03-cf4bbddd7900,"['11b85ad2-48de-4862-8bdf-fa89dae3198d', '68d1e91d-ee81-4131-9c58-63b4719e6ad8', 'd569e2a3-04ec-4be8-990c-bae9dab7ccc4']"
d5055543-af7c-4737-9b13-811481225d17,"['42f219cc-91d5-4f79-96ed-2e5e5c3773da', '9963770d-8c6b-4fce-98ee-af710f31db31', 'ece13f82-77de-4cf9-8755-fc38ccb4ad61']"
42f219cc-91d5-4f79-96ed-2e5e5c3773da,"['82d9981d-a4bb-4c36-9825-9e7dd0a8227c', 'd5055543-af7c-4737-9b13-811481225d17', 'd8d3b090-43a7-4330-a485-c020c87f870b']"
9963770d-8c6b-4fce-98ee-af710f31db31,"['5897b28e-5427-4ecb-ae36-49f4a0ba6ba7', '82d9981d-a4bb-4c36-9825-9e7dd0a8227c', 'd5055543-af7c-4737-9b13-811481225d17']"
d8d3b090-43a7-4330-a485-c020c87f870b,"['a3fd8e4c-e80b-4276-b402-45f3d9d58466', '83655c96-27ee-44aa-bb01-68a7b3f7ab3b', 'd623ef3a-7b53-4cc3-b52f-4d4ed96fa3ec']"
83655c96-27ee-44aa-bb01-68a7b3f7ab3b,"['048c7fd0-c191-4ab1-8454-1d8711114ee1', 'd569e2a3-04ec-4be8-990c-bae9dab7ccc4', '4ea212c9-c4f3-4840-9ca3-e30d82a79a06']"
68d1e91d-ee81-4131-9c58-63b4719e6ad8,"['05c1a92f-7427-47aa-bf03-cf4bbddd7900', '11b85ad2-48de-4862-8bdf-fa89dae3198d', '34030378-9363-4735-9cfc-9c69021cd8d0']"
11b85ad2-48de-4862-8bdf-fa89dae3198d,"['05c1a92f-7427-47aa-bf03-cf4bbddd7900', '68d1e91d-ee81-4131-9c58-63b4719e6ad8', '42f219cc-91d5-4f79-96ed-2e5e5c3773da']"
eab62f75-1751-47d0-95ac-c0f1bf80b311,"['34030378-9363-4735-9cfc-9c69021cd8d0', 'd623ef3a-7b53-4cc3-b52f-4d4ed96fa3ec', '6262405d-2a82-42d9-9573-cc07d7e73fbb']"
5897b28e-5427-4ecb-ae36-49f4a0ba6ba7,"['98b9d5dc-96ee-4685-b7e2-ebdabb9a8ed5', 'd569e2a3-04ec-4be8-990c-bae9dab7ccc4', '9963770d-8c6b-4fce-98ee-af710f31db31']"
788c2519-b0a7-47c7-b60f-ca1f6d4d2021,"['6262405d-2a82-42d9-9573-cc07d7e73fbb', 'd623ef3a-7b53-4cc3-b52f-4d4ed96fa3ec', '34030378-9363-4735-9cfc-9c69021cd8d0']"
d623ef3a-7b53-4cc3-b52f-4d4ed96fa3ec,"['34030378-9363-4735-9cfc-9c69021cd8d0', '6262405d-2a82-42d9-9573-cc07d7e73fbb', 'a7945c59-eb53-43fe-8106-abc7b6bea074']"
6262405d-2a82-42d9-9573-cc07d7e73fbb,"['d623ef3a-7b53-4cc3-b52f-4d4ed96fa3ec', '788c2519-b0a7-47c7-b60f-ca1f6d4d2021', 'eab62f75-1751-47d0-95ac-c0f1bf80b311']"
a1d16a22-8d93-45fd-acb9-941a06f59da5,"['a7945c59-eb53-43fe-8106-abc7b6bea074', 'd5055543-af7c-4737-9b13-811481225d17', 'dc9fa09d-36b7-47ad-b959-b4799a085491']"
b111cd19-2aa8-4b00-aa0e-48eb53d041a9,"['d569e2a3-04ec-4be8-990c-bae9dab7ccc4', '83655c96-27ee-44aa-bb01-68a7b3f7ab3b', '048c7fd0-c191-4ab1-8454-1d8711114ee1']"
d569e2a3-04ec-4be8-990c-bae9dab7ccc4,"['b111cd19-2aa8-4b00-aa0e-48eb53d041a9', '83655c96-27ee-44aa-bb01-68a7b3f7ab3b', '048c7fd0-c191-4ab1-8454-1d8711114ee1']"
048c7fd0-c191-4ab1-8454-1d8711114ee1,"['83655c96-27ee-44aa-bb01-68a7b3f7ab3b', 'd569e2a3-04ec-4be8-990c-bae9dab7ccc4', 'b111cd19-2aa8-4b00-aa0e-48eb53d041a9']"
a7945c59-eb53-43fe-8106-abc7b6bea074,"['d623ef3a-7b53-4cc3-b52f-4d4ed96fa3ec', 'd8d3b090-43a7-4330-a485-c020c87f870b', '34030378-9363-4735-9cfc-9c69021cd8d0']"
dc9fa09d-36b7-47ad-b959-b4799a085491,"['048c7fd0-c191-4ab1-8454-1d8711114ee1', '83655c96-27ee-44aa-bb01-68a7b3f7ab3b', 'd569e2a3-04ec-4be8-990c-bae9dab7ccc4']"
4ea212c9-c4f3-4840-9ca3-e30d82a79a06,"['83655c96-27ee-44aa-bb01-68a7b3f7ab3b', 'd569e2a3-04ec-4be8-990c-bae9dab7ccc4', 'b111cd19-2aa8-4b00-aa0e-48eb53d041a9']"
3c8dd789-4286-45bb-a056-1c701d81c8cd,"['788c2519-b0a7-47c7-b60f-ca1f6d4d2021', '5897b28e-5427-4ecb-ae36-49f4a0ba6ba7', '89f4baa5-bace-41a2-a681-bd617dae8137']"
a3fd8e4c-e80b-4276-b402-45f3d9d58466,"['d8d3b090-43a7-4330-a485-c020c87f870b', 'd623ef3a-7b53-4cc3-b52f-4d4ed96fa3ec', '83655c96-27ee-44aa-bb01-68a7b3f7ab3b']"
4bef75e3-f209-406f-b6df-495456836cf2,"['833ec2b1-1e96-44b3-86f5-c85fe4dfa17b', 'b111cd19-2aa8-4b00-aa0e-48eb53d041a9', 'a3fd8e4c-e80b-4276-b402-45f3d9d58466']"
833ec2b1-1e96-44b3-86f5-c85fe4dfa17b,"['4bef75e3-f209-406f-b6df-495456836cf2', '82d9981d-a4bb-4c36-9825-9e7dd0a8227c', '9963770d-8c6b-4fce-98ee-af710f31db31']"
82d9981d-a4bb-4c36-9825-9e7dd0a8227c,"['42f219cc-91d5-4f79-96ed-2e5e5c3773da', '9963770d-8c6b-4fce-98ee-af710f31db31', '833ec2b1-1e96-44b3-86f5-c85fe4dfa17b']"
264c9a67-c2ae-4fe2-8f05-8937ab78cc57,"['9ddcc728-5939-40bd-a9ab-69a03b97864a', 'ece13f82-77de-4cf9-8755-fc38ccb4ad61', '4e97eda5-70ee-48f3-9980-9321beb8072c']"
ece13f82-77de-4cf9-8755-fc38ccb4ad61,"['60b2b04d-54f2-44fa-b091-32682cfac05f', '3c3f0179-285b-4932-b40a-589917d49a05', '4f646e65-018f-4346-9b4a-cdca26340f2a']"
84112c77-6bd1-404e-9477-5ef8feffd983,"['89f4baa5-bace-41a2-a681-bd617dae8137', '4f646e65-018f-4346-9b4a-cdca26340f2a', '3c3f0179-285b-4932-b40a-589917d49a05']"
486e4ed1-a4e2-441c-b3f5-5ebe8ad11acc,"['c1393f1c-a9a3-4411-b8a0-564358edda95', 'b79192b0-f154-4911-8024-dbc2d6ee0bb8', '84112c77-6bd1-404e-9477-5ef8feffd983']"
3c3f0179-285b-4932-b40a-589917d49a05,"['84112c77-6bd1-404e-9477-5ef8feffd983', '4f646e65-018f-4346-9b4a-cdca26340f2a', '89f4baa5-bace-41a2-a681-bd617dae8137']"
1b528f94-770f-40d6-af6f-774075f242db,"['cb1c714c-a4f2-470a-b474-feda9eb637a9', '486e4ed1-a4e2-441c-b3f5-5ebe8ad11acc', '74db48a6-bc0a-4fe9-88ca-35fbcf56fcf2']"
36eba1d7-24fc-4993-aab7-30a17b72a534,"['4f646e65-018f-4346-9b4a-cdca26340f2a', '4e97eda5-70ee-48f3-9980-9321beb8072c', '84112c77-6bd1-404e-9477-5ef8feffd983']"
4f646e65-018f-4346-9b4a-cdca26340f2a,"['84112c77-6bd1-404e-9477-5ef8feffd983', '36eba1d7-24fc-4993-aab7-30a17b72a534', '3c3f0179-285b-4932-b40a-589917d49a05']"
dc4242f5-a8a2-4a2e-a5db-a45838ac2f80,"['74db48a6-bc0a-4fe9-88ca-35fbcf56fcf2', '44266d72-4d0a-47fd-be80-9dd8923a1168', 'eb6883b7-5769-466c-9f16-9111044e774f']"
60b2b04d-54f2-44fa-b091-32682cfac05f,"['485fbcfc-e8f3-46b1-91f3-3255b5a18411', 'ece13f82-77de-4cf9-8755-fc38ccb4ad61', 'c1393f1c-a9a3-4411-b8a0-564358edda95']"
74db48a6-bc0a-4fe9-88ca-35fbcf56fcf2,"['44266d72-4d0a-47fd-be80-9dd8923a1168', 'dc4242f5-a8a2-4a2e-a5db-a45838ac2f80', 'eb6883b7-5769-466c-9f16-9111044e774f']"
44266d72-4d0a-47fd-be80-9dd8923a1168,"['74db48a6-bc0a-4fe9-88ca-35fbcf56fcf2', 'dc4242f5-a8a2-4a2e-a5db-a45838ac2f80', 'eb6883b7-5769-466c-9f16-9111044e774f']"
b79192b0-f154-4911-8024-dbc2d6ee0bb8,"['b79192b0-f154-4911-8024-dbc2d6ee0bb8', '486e4ed1-a4e2-441c-b3f5-5ebe8ad11acc', '60b2b04d-54f2-44fa-b091-32682cfac05f']"
89f4baa5-bace-41a2-a681-bd617dae8137,"['84112c77-6bd1-404e-9477-5ef8feffd983', '3c3f0179-285b-4932-b40a-589917d49a05', '4f646e65-018f-4346-9b4a-cdca26340f2a']"
cb1c714c-a4f2-470a-b474-feda9eb637a9,"['1b528f94-770f-40d6-af6f-774075f242db', '44266d72-4d0a-47fd-be80-9dd8923a1168', '36eba1d7-24fc-4993-aab7-30a17b72a534']"
c1393f1c-a9a3-4411-b8a0-564358edda95,"['b79192b0-f154-4911-8024-dbc2d6ee0bb8', '486e4ed1-a4e2-441c-b3f5-5ebe8ad11acc', '60b2b04d-54f2-44fa-b091-32682cfac05f']"
485fbcfc-e8f3-46b1-91f3-3255b5a18411,"['60b2b04d-54f2-44fa-b091-32682cfac05f', '486e4ed1-a4e2-441c-b3f5-5ebe8ad11acc', '89f4baa5-bace-41a2-a681-bd617dae8137']"
eb6883b7-5769-466c-9f16-9111044e774f,"['aba64055-5a03-4826-82da-fa76903b5151', '000abd71-5379-444c-988c-f9f5abb1e742', 'dc4242f5-a8a2-4a2e-a5db-a45838ac2f80']"
aba64055-5a03-4826-82da-fa76903b5151,"['eb6883b7-5769-466c-9f16-9111044e774f', '000abd71-5379-444c-988c-f9f5abb1e742', '89f4baa5-bace-41a2-a681-bd617dae8137']"
bc701c9d-f8c6-4e23-8f01-40731e1d1c75,"['ece13f82-77de-4cf9-8755-fc38ccb4ad61', '9ddcc728-5939-40bd-a9ab-69a03b97864a', 'eb6883b7-5769-466c-9f16-9111044e774f']"
